title	etime	content	vote	comment
낼 역학 쪽지시험 보는건가요??	방금	이번 주에 본다고 하셨던거 같은데 내일인지 수요일인지 모르겠어요	0	0
투자론 대박임	3분 전	ㅋㅋㅋㅋㅋㅋㅋㅋㅋㅋㅋㅋㅋㅋㅋㅋㅋ 하...	0	4
😡길거리에서 담배 피면 무적권 벌금	4분 전	100,000원씩 물리면 안되나???간접흡연 너무 시러...ㅜㅜ 특히 아침에 집 나오자마자 담배연기 맡으면...😡	1	2
독문산	6분 전	듣는사람??	0	1
지금 사캠 과제 제출잘돼??	6분 전	나만 안돼?……🥹	0	0
배에 계속 가스차고 설사하면 장염임?	8분 전	ㅠㅠ	0	3
랜소	8분 전	성비안맞으면 동성끼리 매치될수도 있어?	0	2
와 긱사 룸메 그냥 실시간 레전드네	9분 전	친구도 없는지 주말내내 방에서 있는데 존나 시끄럽게 마우스 딸깍거리면서 롤하고 있네ㅋㅋㅋ 무슨 밖에 기온 한자리수로 떨어져도 창문에 방문까지 다	0	13
일반물리학 고수분들 모십니다.	9분 전	21번 문제에서 미소전기장 =k×람다 ds/r² 잖아요 그럼 이걸 적분할 때 벡터성분에서 x성분은 상쇄되고 y성분만 구하면 되는거죠? 근데 y성	0	6
대전역 긱사 택시탈사람	12분 전	있어? 나 줄서있음	0	4
얼굴로만	13분 전	아이유 정도면 충대 상위 몇 프로임?	0	3
시험기간에 꼭 봐야할 애니 top5	13분 전	1. 에반게리온 tva 2. 메이드 인 어비스 1,2 3. 소녀종말여행 4. 강철의 연금술사 오리지날 5. 카우보이 비밥  16학번이 강력추천	0	11
애플펜슬 쓰다가	13분 전	공책에 필기하는데 글씨 잘못쓰면 나도 모르게 펜 톡톡 두드리게되네	0	0
법학개론	15분 전	법학개론 낼 가야하는지 아시는 분	0	0
공부하기 싫어서 숨막혀 ㅠ	15분 전	하	0	2
ㅋㅋㅋ휴게소가면 아줌마들 걍들어오는데	15분 전	그건 왜 당연함? 공론화 매번해야됨?	0	0
도서관에서 공부하는 사람들	19분 전	도서관에서 연인을 만들려는 상상 한 번쯤 해보지 않음?	0	8
아쉬움	21분 전	시험까지 2일 남았고 공부하고 있는데 대면으로 강의들을때는 이해가 안갔는데  지금 보니깐 교수님이 말씀하신것도 떠오르고 이해가 가네요 개강할 때	0	3
택배 오배송	23분 전	택배 내 맞은편 건물로 잘못 배송했다고 기사님이 갖다준다거든..? 근데 그냥 내가 직접 가서 가져와도 되나?? 혹시나 신고할까봐 걱정돼서	0	1
ㄱㅈㅇ교수님 한국의역사 시험 언제야?	25분 전	김지영교수님 한국의역사 셤 언제야?	0	1
전자공 선배님들	26분 전	회로 1 버렸었고 2 지금 하는데 포기 일보 직전인데요... 전자공은 회로가 생명이죠...? 이번 겨울방학때 회로 다 준비해둬야 3학년 전자 회	0	2
김앤장vs태평양	26분 전	가슴이 웅장해진다... 근데 한바다는 왜 참전안함?	0	3
충대 다니면서 쪽팔린점	26분 전	제일 쪽팔렸던 일. 편입온 첫 해에 재학생 애들한테 학생회 들어갈 수 있냐고 물어본 거. 그 당시 학생회 애들 표정을 잊을수가 없다.. ㄹㅇ흑역	0	21
영어파트타임보조강사할만해?	29분 전	물류ㅈ같아서못해겟다 토익950  컴활잇으면가능한가	0	1
컴퓨터 검색기록 삭제하고픈데 어케함?	29분 전	구글은 아니고 그냥 쇼핑몰 사이튼데 검색창 클릭하면 전에 검색했던거 뜸	0	2
잘생기면 대체 뭐가 좋음?	30분 전	ㅡ	0	6
character table 이해가 안가네	31분 전	망했다 ㅍㅍ	0	0
주차자리	32분 전	맡았으니까 딴데가서 주차하라는게 뇌가 있으면 가능한 말과 행동인가...? 한문철티비에서 보던일이 나한테도 일어나다니...	0	6
법학개론	33분 전	낼 대면인가요,,,	0	0
여자화장실에서 남자나옴	33분 전	그건 바로 내 여사친임. 쌩얼일때 양상국 닮았어요	8	1
행정조직론	34분 전	10.26일 수요일날 휴강인가요?	0	0
시험 중에	35분 전	수업도 발표도 있는거 ㅈ같다	0	2
요즘 코로나검사	35분 전	돈받음??	0	2
여자화장실에서 남자나왔다는데	35분 전	왜 공론화 안되나	0	13
현생문 ㄱㅇㅈ 교수님	39분 전	필기 보여주실 분 계신가요 스타벅스 쿠폰 드릴게요 큐ㅠ	0	3
남자화장실에서 여자가 나온게 아니라	39분 전	여자화장실에서 남자가 나온거였냐	0	1
시험 재밌음?	40분 전	지금이 중간임 기말임?	0	1
경찰학개론	40분 전	내일 수업 하신댔음?	0	2
충전기 줄에 꿰어놓는거?	41분 전	동물캐릭터 입이랑 돈고로 줄 끼우는거 이름이랑 용도가 뭐야?	0	2
여기 애들 다 랜소 나가서	41분 전	성비 9:1 되는 거 보고싶다 개꿀잼일듯	0	2
아 낼모레 시험에다가 축제도있는데	44분 전	코로나걸린거같네	0	0
배그하는 사람 아무나 쓰셈	44분 전	.	0	4
나 살 빼면	45분 전	진 느낌 나는데 다이어트 해?	0	6
금요일에 밭대 축제 같이 갈 사람	45분 전	프로미스나인 보고싶은데 같이 가실 분	0	2
재정학 미친듯	45분 전	양 너무 많은 와중에 내일 시험인데 오늘 기출문제 더 주신거 미침	0	0
여자님들 진짜 이게 잘생겼어요?	46분 전	.	0	8
나도 강남클럽이나 핫플가서	48분 전	동물의왕국 맹키로 놀아보고싶다	0	3
여행	48분 전	여자친구랑 처음 가보는데 보통 비니지스 호텔도 가..? 서울 호텔 추천 해주라	0	3
에타 쪽지로	49분 전	랜소 연습할사람 ~~	0	1
여자들아	53분 전	너네는 조각같이 잘생긴 남자가 끌려 편한인상인데 잘생긴 남자가 끌려 예를 들면 뷔 vs 정해인	0	14
궁금해서 그러는데 남자중에	59분 전	게임 안하고 담배 안피고 술 잘 안마시고(못마시는게 아니라 그냥 잘 안마시는) 애니 안보고 누가봐도 예의바르고(욕 안쓰고 부모님 등 어른들께 잘	0	74
랜덤소개팅에서 친구 만나면	10/23 21:05	어떡하냐? 아니면 친구는 아닌데 그냥 서로 얼굴은 아는 사이인 사람 혹은 비즈니스 관계	0	2
눈을 떠도 눈을 감아도	10/23 21:04	앞이 보이지 않아 이게 내 미래인가	1	0
엑셀 잘하는 사람 있음?	10/23 20:59	맞는 것 같은데 원하는 대로 값이 안 나오네	0	4
나 인기 어떡하냐..	10/23 20:58	혼자 다니려 해도 자꾸 애들이 들러붙고  혼자 벤치에 앉아 있는데 여자애들이 번호따가네… 귀찮다. 나좀 내버려 두지	0	4
영어의미와 활용	10/23 20:56	들으시는 분!!!	0	3
컴입 ㅎㅇㅇ 과제 진짜 ..하..	10/23 20:55	너무하다 지금 욕하면서 푸는 중  하나도 모르겠어 어질어질	0	5
가천대랑 충남대랑 어디가 입결 더 높음?	10/23 20:53	ㅈㄱㄴ	0	12
연세옥수수크림빵 이거이거	10/23 20:48	이거 레어한거 맞지? 그치? 먹어보고 후기 남길게	0	6
Attention하면 무슨 생각남?	10/23 20:48	?	0	6
커피 뭐가 더 달아?	10/23 20:47	콘트라베이스 라떼 크래프트 카페라떼 바리스타롤스 라떼	0	0
ㅠㅠ	10/23 20:44	집에서 진격의거인 보다가 아빠한테 너무 빠지지말라는 소리 들음ㅋㅋㅋㅋㅋ	0	3
지금 시기에 수업 드랍하는 방법은 없지?	10/23 20:42	ㅎ 아 포기하고싶네?	1	4
20~30만원남자향수 추천좀	10/23 20:40	선물용	0	6
수현이 생각하는 찬혁	10/23 20:39	찬혁이 욕하지 말고 니들 앞가림이나 해라	5	6
난생 처음으로 현질해버렸다	10/23 20:39	게임에 현질은 절대 안한다는 신조였는데ㅠㅜ 현타온다 만원이나 써버림..... 고작 심심풀이 땅콩용 게임에... 아까워	0	4
축제 라인업	10/23 20:39	인스타 어떤 계정에 뜬거야?? 왜 안보이지	0	2
스파이패밀리 보면 씹덕임?	10/23 20:39	ㅈㄱㄴ	0	6
투자론 ㅈㅎㄱ 교수님	10/23 20:37	문제 몇 문제 나온댕?	0	0
치즈뷸닭볶음면	10/23 20:36	파스타  뭐먹지..	0	2
사회적 가치 ㄹㄱㅎ	10/23 20:35	시험 몇시시작이야	0	6
지금 급한데	10/23 20:34	함 할 사람? 나 잘함	1	9
방학때 알바하면 보통 얼마씩 벌어?	10/23 20:33	순수 버는거만 쓰는거 말구	0	4
전자공 회로이론2	10/23 20:31	나만 ㅈ된거 아니지?	0	5
게임하는 남자 거르는데	10/23 20:28	그러면 한 80프로 걸러지나..?	0	19
나랑	10/23 20:27	공장 들어갈 사람	0	1
소비자법과정책	10/23 20:26	양 개 많은데 10문제정도밖에 안나오는거 실화냐..	0	0
잠자는걸 정말 좋아하지만	10/23 20:26	동시에 잠 안자도 살수있었음 좋겠다..  자는 시간이 너무 아까워	1	1
피자를 시킬까말까시킬까말까	10/23 20:24	고민된다 으아아아악	0	4
엘리자벳	10/23 20:23	대전 안오는거 너무아쉽다.. 한번도 못봐서 조소 싶었는데 이번이 마지막이라는ㄷ	0	0
유셀관리 해본사람	10/23 20:23	있나요	0	0
등드름 없애는 데 도움되는 바디워시 추천 좀	10/23 20:22	운동시작하고 났는데 안 없어짐 ㅠㅠ	0	6
기초물리학2 ㅇㅈㅎ교수님	10/23 20:22	시험 언제봄?	0	0
범진오 녹화 있는 사람 ㅠㅠ 깊티...드릴게요	10/23 20:19	ㅠㅠ	0	29
같이 전공 듣는 사람중에	10/23 20:18	맨날 혼자다니는데 공부 열심히 하는것같은 사람있는데 그 사람이 내 경쟁자임 무조건 그사람보다는 잘볼거임 1등할거임	0	15
시험 잘친듯	10/23 20:16	키-타~	0	3
다메다네~ 다메나노요~	10/23 20:14	이 노래 알면 씹덕임?	0	5
밥 먹는데 마감 하는데 왜 안 나가냐는듯이	10/23 20:13	청소 시끄럽게 하는 거 너무 기분 나빴다...ㅜㅜ 다시는 거기 안 갈래...	0	1
회계의이해 01반	10/23 20:12	이번주 수업 비대면 아니지 ?? 그 중간 끝나고부터? 올대면이라고 하신 거죠 ??	0	0
나 불치병 걸린듯 ㅅㅂ...	10/23 20:12	롤토체스 골드4에서 못빠져나오는중 골5 0 50 0 50 0 50 무한 로테이션중; ... 지난시즌 플1이었는데 이번 시즌은 거의다 첨보는 챔이	0	2
에타보다가 이런걸봤네 아 ㅋㅋ	10/23 20:11	짜파게티가 어떻게 ㅋㅋ	0	4
거시경제원론	10/23 20:06	다들많이공부했음?	0	0
충남대 구인구직 게시판 있다는걸	10/23 20:05	22살 먹은 나만 이제야 안거야?	0	3
우울증 약 먹으면 기분 좋아져?	10/23 20:03	?? 어떻게 돼??	0	17
정신건강	10/23 20:02	시험범위가 정확하게 3장어디까지인가요?	0	8
에타는 언제부터 있었어?	10/23 20:02	베게 보니까 18년도부터 있긴하던데	0	6
무인택배함 주소	10/23 19:59	대전광역시 유성구 대학로 99 충남대학교 한누리회관 3층 무인택배함 이거 맞나요?	0	1
산책하려는데	10/23 19:59	갑천걸을까 아니면 다이소갈까 아니다 걍 걷다가 다이소도 들리고 천천히 돌아와야겠다	0	3
무역학원론	10/23 19:58	ㅎㅅㅈ 교수님 시험 범위 10월 17 강의일까지라고 돼있던데 자료실 보면 12장 피피티도 10월 17일이라고 돼있어서…어디까지가 정확한 범위인지	0	1
수치프 시험 공학계산기 필수인가요?	10/23 19:57	수치프로그래밍(수치해석) 중간고사 공학계산기 들고 가야하나요??	0	1
문과 무역회사	10/23 19:55	자격증이랑 영어점수 4점대학점뿐이고 경력인턴하나도없는 쌩신입인데 갈수잇나	0	3
13동 bhc 사이드 시킬사람	10/23 19:55	16000원이상주문, 배달료4천원인데 지금 요기요 4천원할인해서 그냥 각자 시킬 음식값만 내면 되! 뿌링감자, 치즈볼, 분모자떡볶이 같은 간단한	0	3
진짜 국힙	10/23 19:53	ㅈ망했구나	0	12
19누나들 20 동생 어때요	10/23 19:52	전역도했어요	0	0
다음학기 기숙사 발표 언제쯤 나오나요?	10/23 19:52	제곧내	0	0
아 ㅠ 옆집 맨날 클럽노래 틀어둠	10/23 19:49	맨날 클럽노래틀고 공부하는것 같던데.. 하 내가 찐이라 그런가 힘들다 ㅠ	0	3
원가회계	10/23 19:49	찍기 싸움이 되겠군…	0	3
전정통	10/23 19:47	트랙 추천좀 해주세요~	0	3
시험 20시간 전	10/23 19:46	공부에는 손도 안 댔음 ㅈㄴ 하기싫어 ㅅㅂ	0	5
전역하면 이성한테 플러스점수있음?	10/23 19:44	못생기면 있어봤자겠지만	0	6
내가 이제 26살인데	10/23 19:42	그동안 3천정도 모아둔 돈이 있는데  20대 초반을 보내면서 하고 싶은거 다해보면서 돈을 500정도 남기고 다 썼거든.  해외나가서 외국사람들이	0	11
치킨빼고 치즈볼만 먹고싶다	10/23 19:41	ㅠㅅㅠ	0	1
약대	10/23 19:40	학부몇학번부터 생겼어?	0	5
낼 경영과 사회 ㄹㅅㅇ	10/23 19:40	대면 맞지??	0	0
원가회계 공부하신분.,	10/23 19:39	전 5장이 너무 어렵습니다..	0	4
공.부.시.러.	10/23 19:39	하.기.시.러	0	1
사회적가치와개인의자유	10/23 19:37	교수님 저 걍 안할게여 암기가 너무 싫어여 죄송해여 전공이 저 재밌어서.. 이거 못하겠어요	0	0
내일 투자론 ㅈㅎㄱ교수님꺼 포기안한 사람?	10/23 19:36	나는 포기한 사람 ㅎㅎ	0	6
잘 하는 게 없으면	10/23 19:35	일단 돈이라도 버는 게 맞지?	0	1
근데왜	10/23 19:35	올해는 월드컵을 겨울에해 춥게	0	4
쪽문에 붕어빵	10/23 19:35	오늘도 있나요?	0	7
그 핫게 교수님 냥이	10/23 19:33	입양하면 소식 올려주라...! 부탁해 너무 망충하고 하찮아서 귀엽더라... 아기고양이...	0	0
나같은 스타일있나?	10/23 19:33	공부할때 개념이나 원리 같은건 이해 잘하고 증명이나 유도과정도 혼자 끄적이면서 이해 잘하는데 막상 문제 주어지면 쓰는걸 잘 못함 ㅠㅠ 그래서 개	0	9
행정학개론	10/23 19:32	ㅇㅅㄱ교수님 화요일 수업하는 거 맞지?	0	0
디자인과 생활	10/23 19:31	디자인과 생활 중간고사 보나요 ??????	0	0
나랑 랜소 예행연습할사람?	10/23 19:30	쪽지줘~	0	2
24년 전역	10/23 19:29	오긴 오냐	1	21
여친 ㅈㄴ질리는데 헤어질 구실좀..	10/23 19:27	너무 애같아서 정 다 털림 초딩 만나는 느낌	0	10
도서관인사람	10/23 19:26	공부끝나고 12시에 같이 집갈사람 구해요~!	0	4
분리수거 막 하는 애들은	10/23 19:20	교육 못 받은거임? 분리수거 방법을 몰라도 저렇게 까지는 안할텐데 왜 저렇게 하는지 참 궁금하네	0	4
티빙 한 자리 남는 사람	10/23 19:18	딱 한 달만 하고 싶어 껴 줘..	0	3
배우 김유정	10/23 19:18	은 남자들한테 인기 많음? 내 눈엔 되게 예쁜데	0	12
이거 다들 어떻게 생각함??	10/23 19:16	난 존나 사회성 결여 + 쿨한척하는 사람같다고 생각함	0	15
나처럼 생각하는 사람있냐	10/23 19:14	주변 보면 악착같이 돈 모으고 아끼는 사람들이 종종 있는데   나는 젊을때 대충 이십초반까지는 돈 모으기 보다는  사고 싶은거 사거나 여행 다니	0	13
진지하게 와꾸 궁금하다	10/23 19:12	방구석에서 허벅지 긁지말고 앞에서 씨부려봐 너땜에 한남소리 듣지 ㅂ1신아	0	7
우리 형 밭대 17학번	10/23 19:12	나랑 수능 성적 비슷함	0	5
라인 오랜만에 깔았는데	10/23 19:10	카톡 때문에 깔았는데  몇 명 이성 친구들 어렸을 때 설정해둔 프로필 사진 다 보임 .. 흑역사도 몇 명 있어 보이고 ㅋㅋㅋㅋ 개웃겨	0	2
언교원 영어회화 들을만 할까요	10/23 19:07	고민되네ㅠ	0	8
의치수약간 1학년으로 보내주면	10/23 19:07	가니? 타전공생들만	0	12
5동 쓰레기장 진짜 누구냐	10/23 19:06	짜장면 엎어놓고 튄거 싸대기 마렵네	1	0
복학생인데 공부해도 잘 모르겠다	10/23 19:05	복학하니까 회계나 채권같이 계산하는건 감이 안잡힘 경상대는 시험 망치면 F주는곳 많음?	0	2
작년에 ㅇㅅㅇ교수님 생화학 들으신분 계신가요?	10/23 19:05	??	0	5
법학개론 ㅇㅇㅅ교수님	10/23 19:02	내일 대면이야...?	0	2
너네 시험 전날에 교양	10/23 18:59	대충 몇시간 보고 가냐??	0	3
해치웟나??	10/23 18:58	경제학과 아니라서 잘모르겟다	0	1
공업수학2 족보	10/23 18:58	ㅊㄱㅎ 교수님꺼 급구	0	1
도서관	10/23 18:58	지금 자유열람실에 사람 많나요??	0	0
지잡대는 대학 테마파크다라는 글을 봤는데	10/23 18:56	여긴 그래도 그 정도는 아니지?ㅠㅠ	0	7
대학교 1학년 수료가 학원 강사 지원해도 ㄱㅊ?	10/23 18:52	1학년 마치고 군대갔다가 휴학 중인데 초등 국어 학원 지원 ㄱㅊ?	0	3
언어는 너무 신기해	10/23 18:52	여러가지 언어도 있고 말이 통한다는것도 신기하고 각자 언어가 다른데도 엄마 아빠라는 발음은 약간은 비슷비슷한게	0	7
무역 선배님들	10/23 18:46	이제 졸업논문이랑 글잉 대체 하는 영어성적이 합쳐진건가요!? 토익 한 번만 보면 되는건가요 ㅠㅠㅠㅠㅠㅠㅠ	0	3
왓챠	10/23 18:46	셤기간이지만 등록하자구,,,	2	3
경영 필수 교재 뭐있나요	10/23 18:40	병 자기개발비로 교재사려고 하는데	0	2
충북대 첫인상 후기	10/23 18:39	장점 : 충대보다 평지스럽고 넓고 건물과의 간격이 여유롭다 단점 : 뭔가 차들도 적고 사람도 그닥 적어서 유령도시 느낌 같다 결론 : 한밭대과의	0	8
과외 꿀알바인지 전혀 모르겠음..	10/23 18:35	시급 삼만원이어도 수업 준비시간 생각하면 걍 학원 알바랑 비슷한듯.. 그리고 감정 노동 너무 심함 ..ㅋㅋ	0	9
분실물..	10/23 18:35	도서관 지하 2층 누버 있는 곳에서 습득. 쥬인 분 찾으러 오세요ㅠ	0	3
정문 포레	10/23 18:31	사람 언제 슬슬 빠지나요??	0	4
계절학기 개설과목	10/23 18:31	언제 뜨니?..? 아는 사람...	0	1
부모님께 너무 죄송하다	10/23 18:26	고등학교 때 펑펑 놀은 아들로 태어나서..	0	4
저널리즘의 이해	10/23 18:25	ㅊㅈㅇ 교수님 듣는 사람?	0	0
교내 아우디 R8	10/23 18:24	학생꺼야? 쫌 오래전부터 학교나 장대동에서 보이던데	0	1
교수님이 사캠에 과제를 올리셨는데	10/23 18:24	기간이 안적혀있는데 어떻게하지  그냥 다음수업때까지 가져오라는 건가	0	0
남자 커트비용 아직도 적응이 안되네	10/23 18:23	13000원 받는거 진짜 적응 안되네 납득이 안가서 그런가 ㅋㅋ	0	11
투자론 최고야	10/23 18:22	투자론 오픈북으로 돌려도 못 풀겠는데..ㅋㅋㅋㅋㅋㅋㅋㅋㅋㅋㅋㅋㅋㅋㅋㅋㅋ 엑셀도 다 외워야 하는거지?	0	4
바이크 타는 사람	10/23 18:20	혹시 닌자400이나 r3 등 쿼터급 타는 사람 있어? 사야되는데 고민이네	0	5
버스탈때마다 표 잘못끊는 사람 나오는듯	10/23 18:18	항상 궁금함... 왜 매번 이런일이 생기는지 20대 커플부터 6,70대 노인까지 다 한번씩 본듯	0	0
오늘 저녁은 롯데리아	10/23 18:17	햄알못인데 여러분 최애 매뉴는???????	0	10
소개팅 잡혔는데	10/23 18:14	팁 좀 주세요 상대는 서너살정도 연하에요	0	6
혹시 방에서 조용조용 사는 사람 있니?	10/23 18:12	내 윗집으로 이사와주라 ㅠㅠ	0	0
컴터 바꿨는데	10/23 18:11	돌릴만한 겜 추천좀 웬만한거 다돌아갈듯	0	7
나 skt인데 카톡 안들어가지는디	10/23 18:06	혹시 되는사람?	0	3
경영학원론 ㅈㄷㅎ	10/23 18:05	저번 수업 때 별다른 내용 있었음??  수업 못 갔는데 시험관련된거나 뭐 있나해서	0	4
학교 근처	10/23 17:59	8시 이후에 들어가도 눈치 안보고 갈 수 있는 식당 추천점여ㅜㅜ	0	0
긱사친구들중에 나랑 피자 반띵할사람	10/23 17:55	덤앤덤피자 반띵할사람!	0	2
무광 블랙 벨로스터 차주야	10/23 17:54	대학생 중에 너만 차있는거 아니니까 학교에서 가오좀 그만 잡아라 안전거리 확보 안하고 똥꼬 붙이고 교내에서 과속하면서 쫒아오던데  나도 25-3	6	10
궁동에서 자취해본 사람	10/23 17:53	3월 학기시작하기 전에 입주하려면 보통 몇월엔 방 구해야해요 ?	0	6
저메추	10/23 17:48	ㅈㄱㄴ	0	7
버스기사님들	10/23 17:48	같은번호 마주치면 인사하는거 너무 귀엽다 ㅋㅋㅋ	0	2
서피스 프로 8을 살까? 아이패드 프로 12.9를 살까?	10/23 17:45	성능은 서피스프로 i7 16GB 시그니쳐 커버 슬림팬 2 애플은 m1 애플펜슬 2세대 가격은 아이패드가 조금 더 비싸	0	1
회계원리 ㄷㅇㅅ 교수님	10/23 17:39	화요일이 시험이니까 월요일 강의는 없는 거겠지?! 혹시 수업 시간 중에 말씀하셨나요? 기억이 안 나서 이메일 보냈는데 아직 연락 없으시네요…	0	3
사랑한다	10/23 17:37	ㄱㅇㅎㄱ ㄱㅇㅇ 많이 사랑한다.	6	5
기계 대진설 이번에 동영상수업임?	10/23 17:35	저번주에 별말 없었는데 왜 사캠에 영상있냐	0	0
여친 3명인데	10/23 17:31	이제 한 명 한테 올인하려고 하는데 누구랑 손절하지	0	3
내일 아침 시험이라 알바 끝나고 바로 도서관갈건데	10/23 17:29	심야시간대도 도서관 사람 많냐??	0	7
와이파이	10/23 17:26	암 걸리네	0	1
중테기	10/23 17:24	태평천국 운동에서 재상제회라고 적혀 있는데 배상제회인데 오타난거죠?	0	1
국제결혼하면	10/23 17:21	안좋게볼까? 여자친구가 난민이야	0	9
정문 할리스	10/23 17:16	24시간인가요? 네이버에는 23시까지라고 나오는데 24시간이었던것 같아서요 ㅠㅠ	0	1
다들 머해?	10/23 17:16	?	0	2
8월에 동원훈련 갔다왔는데 학생예비군 통지왔는데	10/23 17:13	동원갔다오면 안가는거 맞지않나요???	0	0
참주제 주제문	10/23 17:12	둘이 뭔차이야?	0	0
싸캠에 올라온 장호규 교수님 아기고양이 입양글	10/23 17:12	쏘큩..	82	17
재정학 시험	10/23 17:10	다음과 같다.	2	1
도전과제 달성	10/23 17:08	72시간 동안 뻘짓하기 ^^	0	1
너희는 본가에서	10/23 17:07	청소 어느정도 해??	0	4
남잔데	10/23 17:06	외모콤플렉스 심해서 마스크벗기싫어..ㅠ	0	4
긱식	10/23 17:05	오늘 기숙사 식당 메뉴 아는사람?	0	1
아이패드 중고 팔아본 사람 있음?	10/23 17:00	태블릿 직거래 귀찮고 스트레스 받을 거 같아서 매입해주는 노란마켓 바로 이런 데 싸게 팔까 하는데 팔아본 사람 있나	0	7
건전 마사지샵 카운터 알바	10/23 16:55	ㄱㅊ? 부모님한테 뭐라 들을 가능성 없겠지? 친구는 좀 놀릴 것 같고	0	11
원가회계 질문	10/23 16:55	여기서 단위당 변동원가를 어떻게 구하나요?	0	6
경영 시험기간에 확진 되어본 분	10/23 16:52	시험 어떻게 해주셨어요..? ㅜㅠ	0	0
경영과학 시험 봤던 사람	10/23 16:51	수업시간에 한 문제만 나와?? 아님 수업 때 안한 책에 있는 문제들로 시험 나와??	0	2
원가회계 질문	10/23 16:49	밑줄 친부분이 이해가 안가서요..분자는 매출원가여야 하지 않나요?	0	9
이찬혁	10/23 16:41	그만해 제발	15	24
얘네 뭐하냐ㅋㅋㅋ	10/23 16:41	서로 남자다 여자다 싸우는데 웃기네 쓰잘데기 없는거로 싸울 시간에 그냥 공부나해라	0	11
얼굴 그려드려용!	10/23 16:37	미술 전공 아니고 그림 잘 그리지 않아ㅋㅋㅋㅜ 요즘 인물화 연습해보고 있는데 실제 사람 보면서 연습해보면 재밌을 듯!!	0	7
외환시장 ㄱㄷㅅ 교수님	10/23 16:33	용어list에서 outright quotation이 indirect quotation 맞음 ? points quotation은 direct qu	0	2
:)	10/23 16:31	ㅎ	4	3
100만원으로 옷사야하는데	10/23 16:27	뭐사야될까	0	5
이찬혁 무대에서	10/23 16:25	머리 깎네…	0	0
전공책 5번은 본거 같은데	10/23 16:25	대가리에 남아 있지를 않네 볼 때마다 새로워	0	5
충전기	10/23 16:23	혹시 스타벅스 장대점에 계신분 c타입 충전기 빌려주실분 있나여…. 없겠져….ㅠㅠㅠㅠ	0	0
군무원학원다니는데	10/23 16:13	다음달 기본반끝나고 심화반 들어가거든 근데 선생님이 진지하게 공부계속할지 생각해보래..  수년간 나같은애 많이봤다고 어떻게하면좋지...	0	4
ㅇㅅㅇ 머리 아파	10/23 16:13	1+2+3+4+5+. . .<1-2+3-4+5-6+. . .	0	12
타로 잘보는곳	10/23 16:12	알려주라	0	1
중급회계2 왕현선교수님 월수반 내일 수업 없죠??	10/23 16:09	11시 수업 내일 안 하ㅏ죠?	0	1
취준은	10/23 16:08	커플끼리 취준은 같이 하는게 좋아 아님 한명이 먼저 취직하는게 좋아??	0	2
혹시 비행기 티켓을 이메일로 받았는데	10/23 16:08	실수로 그 이메일 삭제했는데 다시 받을 수 있지..? 항공사에 문의해보려고 하는데 자꾸 예약번호를 치래서 멘붕오는데 우야노..	0	4
경영 장호규 교수님이	10/23 16:07	아기고양이 입양할 사람 있냐고 싸캠에 글 올리심 어미 잃어버려서 눈병도 있는 젖먹이 아기고양이를 병원 가서 진료도 다 받고 임시보호하고 계시대 	23	2
저널리즘의 이해	10/23 16:05	ㅊㅈㅇ 교수님 따로 한글파일 안 주셨지?	0	0
원가회계 질문	10/23 16:04	저 당기투입원가가 왜 저 숫자들인지 모르겠는데 아시는 분 있나요?	0	3
나 오늘 똥	10/23 16:03	나 오늘 똥 60cm이상 쌈 기분 최고임	0	13
근데 카공 왜하는거임?	10/23 16:01	궁금해서 물어봄 노래 때문에 집중도 안되고 오래있을려면 음료도 계속 시켜야해서 돈은 돈대로 나가는데 어차피 돈나가는거 독서실이나 다른곳에서 하는	0	25
인간관계에 현타올때	10/23 15:59	다들 어떻게 극복해?	0	2
24시 카페에	10/23 15:58	막 열시간씩 잇으면 민폐여?	0	2
3학년 방학때는 뭐해야하나요	10/23 15:55	여행가도 되나요ㅠㅠ	0	4
삽립호빵도	10/23 15:54	SPC였어,,,	0	1
초코하임 좋아하는 사람 있니	10/23 15:54	나처럼 하나 먹으려다 0.5~1박스씩 먹는..?	0	2
지식 교환 하실 분 있나용	10/23 15:54	저는 일본어 N1 있는데 일본어 배우고픈 수학 잘 하시는 분 구해용!! 참고로 저는 작년 10월부터 일본어 시작해 12월 N2, 올해 6월 N1	0	0
my ex girlfriend	10/23 15:48	나도 언제 걔한테 친추를 걸었는지 기억이 안나지만 걔가 페북 친추 받아줬는데 뭘까	0	8
나 저학번 욕하고 싶어요~	10/23 15:46	같이 욕해주세요~	0	5
싸우지 말고	10/23 15:43	입결이나 신경 쓰자	0	0
벼락치기 할려고	10/23 15:43	도서관 갔는데 머리아파서 30분 있다 바로 나옴; 나만 이러냐	1	2
오늘 오픽 봤는데 이렇게 나옴	10/23 15:41	오픽 준비하는 사람들 참고하셈 난이도 6-6 1 자기소개 요가 2 요가할 때 입는 옷 설명 3 요가할 때 루틴 4 요가 어떻게 처음 시작했는지,	2	1
ㅈㅎㅊ교수님 경제의이해	10/23 15:38	내일 수업 없나요 ?? 수업 관련해서 뭐라고 말씀하셨던 것 같은데 기억이 안 나네요 ㅠ	0	0
정보와게임	10/23 15:35	정보와게임 과제 좀 알려주실분…	0	1
피하지방 진짜 잘 안 빠진다 ㅠ	10/23 15:33	ㅠ	0	1
경제의 이해 ㅅㅇㅅ 교수님	10/23 15:19	강의 안하신부분 어딘지 아시는분……!!! ㅠㅠ	0	0
세라믹 소성변형 안일어나서	10/23 15:17	잘 깨져요 ..? dislocation이 생기기 어려운데 왜 brittle 한가요 ㅠㅠ ?	0	3
10월 말에 목도리	10/23 15:09	오바임?	0	2
(업뎃) 며칠동안 잠수탄 남친	10/23 15:07	뭐때문에 기분서로 상했는데 그다음날 연락 서로 안하다가 하루뒤 미안하다는식으로 보내니깐 나: 미안하다는 내용 걔가 : 00아! (이름만부름) 나	0	7
이빨 빠진 호랑이를 뭐라하는지앎?	10/23 15:06	호랑 ㅋㅋㅋㅋㅋ	2	1
백마인턴	10/23 15:02	시작할때 2일정도 빠져야되는건 안되겠지..? 신청하지 말까.?	0	2
탄산수에 뭐 타먹을만한거 ㅊㅊ좀	10/23 15:01	어쩌다 탄산수 2박스 생겼는데 그냥 먹으려니 못먹겠다	0	7
인문고전 철학적이해	10/23 15:00	듣는분 계신가요…	0	1
등산2일차	10/23 14:59	워낙 사람들이 많이 멈춰있는 곳이라 누가 돌을 치워버렸음.. 그래서 조금 더 외진곳에다가 쌓으려공	0	0
룸메가 하루 종일 통화한다...	10/23 14:58	죽일까?	0	4
알바 면접갈때 이력서 흑백인쇄 ㄱㅊ?	10/23 14:51	사진 흑백으로 가도 되겠지? 오반가?	0	7
n개 컴언어를 구사하는 나	10/23 14:42	파이썬하는데 if문 c언어 문법으로 쓴것때문에 답 잘못나온걸 몰라서 몇시간날림 싯8	0	5
며칠동안 잠수타버린 남친한테	10/23 14:36	오늘 자존심버리고 10번 전화했는데 안받아 근데 차단은 안해 도대체 뭘까	0	14
플립 너무 예쁘잖아???	10/23 14:34	크림 색 너어어무 예쁘잖아???	0	5
재수강  최대 학점	10/23 14:31	재수강 할때 최대한 받을 수 있는 학점이  B정도 인가요??	0	2
충남대쪽 무말랭이 파는 곳	10/23 14:27	어디있오? 무말랭이 먹고싶어ㅜ	0	5
청바지 요즘 어디까 마니 입나여	10/23 14:21	선물할거에요 예산은 10만원정도	0	9
와플대학 같이 시키실 분	10/23 14:21	긱사 와대 같이 시키실 분 구해요	0	1
컴프2중간고사	10/23 14:19	오픈북인가요?	0	4
공대인데 수학재밌네	10/23 14:18	수학과 복수전공하고싶다	0	3
요리나 칼질 해본적 없는데 피방 알바 가능?	10/23 14:18	유일하게 하는 요리가 라면 끓이기임ㅎㅎ 보건증 있고 카페 알바랑 편의점 알바 경력 있음. 피방 알바 할수 있을려나.  무엇보다 조리 잘 할 수 	0	5
근데 내 발보다	10/23 14:16	너내가 맨날 쪼물딱거리는 스마트폰이 더 더러움	0	18
원가회계 질문!!	10/23 14:16	총원가비례법 적용해서 조정 후 매출원가 구할 때, 배부율 분모에 왜 원재료ov는 안 들어가나요? 재공품ov+제품ov+매출원가ov 이렇게만 들어가	0	14
남자 중에 게임 안하는 친구들은	10/23 14:12	취미로 뭐 해??	0	6
중앙난방인 사람?	10/23 14:10	지금 틀어줘? 바닥도 너무 추워ㅜㅜ 밤에 자다가 잠깐 깰 정도인데 틀어졌는지 안틀어졌는지 어떻게 확인해?	0	8
여자 양말은 포상인데	10/23 14:07	다들 왜이러지	0	3
11월 곧 군대가는데	10/23 14:05	11월 운전병 예정인데 군대에서 월 25만원씩 엄마한테 보내주면 제대하고 보험료랑 유지비만 내주시고 운전시켜준다는데 이득이야??	0	4
찜질방 가고 싶다	10/23 13:58	크아ㅠ	0	0
도서관 도시락 싸서 다니는 사람 있나??	10/23 13:57	어디서 먹어?? 혼자 먹기 뻘쭘하네..	0	13
와야커피	10/23 13:52	아메리카노 얼만지 아시는분	0	1
일선 타학과 전공	10/23 13:52	공부하기 진짜 싫네 ㅋㅋ	1	1
도서관이나 열람실에서	10/23 13:50	정자세인데 신발 벗고  발로 자기 신발 밟고 있는거 비매너다 vs 아니다 ??	0	7
내일 독문화산책 시험	10/23 13:49	독일 유명인 외워야 되나..?	0	4
너네는 귀구멍 청소 뭐로 하니?	10/23 13:47	난 면봉에 소독용 에탄올	0	12
카공 vs 집공	10/23 13:46	ㅇㅇ	0	2
궁동 꿔꿔향 마라탕 존맛탱 추천~~	10/23 13:45	ㄱ  ㄱ	0	0
풀 먹는 치즈	10/23 13:45	농냥이	3	0
나 남잔데	10/23 13:43	여자 발냄새 조아함	0	5
의자에 양반다리 습관인 사람들은	10/23 13:40	운동을 해야됨 자세가 무너진거임 더 후방 사슬이 있으면 관절로 체중을 버티는 자세가 사라짐	2	12
학교 통학버스	10/23 13:39	공대쪽에 정류장 있던데 거기서 타면 되나요?  거기서 시간표 어디꺼 보면 되나요? ㅜㅜ	0	0
집 근처 도서관 오늘 6시까지 하는데	10/23 13:39	집에서 할까 그냥 도서관 갈까?	0	2
학생증 잃어버리신 언론정보학과 22학번 분	10/23 13:34	도서관 분실물 박스 위에 놔뒀습니다. 찾아가세요~	0	0
집밖에 나갔으면 알아서들 신발 신어	10/23 13:32	뭘 신발벗고 앉아있냐 뭐 10시간 비행기 타세요? ㅋㅋ	0	0
영어회화 ㅈㄹㅁ교수님	10/23 13:30	시험 이번주인가여?	0	0
짜파구리 도시락 vs 짜파구리 핫바	10/23 13:28	후자가 더 쌈	0	1
남친이 취미로 프라모델이나 피규어	10/23 13:26	둘 중에 하나 모으고 싶다는데 뭐라하지....	0	13
머리가 ㅈㄴ 똑똑하면 당장 뭐할거야?	10/23 13:26	행정고시를 본다거나 재수를 해서 일단 서울대를 간다거나 뭐할거야?	0	9
보통	10/23 13:15	23에 연애 몇번?	0	5
기초독일어 ㅊㅁㅅ교수님 시험범위	10/23 13:14	시험범위가 4과 본문까지였나? 4과 연습문제는 시험범위 아니고??	0	0
둔동 범맥주	10/23 13:11	vs 호랑이	0	0
건대 전기전자공학부 vs 충대 전자공	10/23 13:05	수준 차이 많이 남? 어차피 둘이 손잡고 지방공장 가야되는데 그럼 충대가 이득 아님?	0	6
근데 이거	10/23 13:01	공공장소에서 비매너인거 팩트인데 댓글들 다 왜 이러냐..	0	53
어제 gsat 보신 분들	10/23 12:57	잘 보셨나요?	0	4
휴일마다 보충안하신거	10/23 12:53	갑자기 다 지나고 와서 금요일날 수업하신다는데ㅠ 좀 당황스럽다 아무리 생각해도 줌으로 하시던가, 아니면 미리 말씀 해주시지 휴일 다 지나고 공지	0	0
의류학과 족보 있나요	10/23 12:51	저만 모르는거 아니겠죠	0	1
dsc공유대학하면서 한밭대교수과목들은 후기	10/23 12:45	1. 빛의 속도를 340m/s라 표현하지않나? 2. 무슨 시험을 비대면시험이라해도 줌도 안들어오고 보라하지 않나?(대놓고 컨닝가능>> 강제오픈북	6	12
5살로 돌아가고싶다	10/23 12:44	어른은 괴롭다	0	2
노트북 쓸 수 있는 스카 어디임	10/23 12:42	키보드 쓰기 눈치 보여서 마우스는 무소음임	0	1
상평 16명	10/23 12:41	ㅈ같다	0	2
나 머리60인데 나보다큰사람 딱 3명봄	10/23 12:34	훈련소시절	0	9
홈피 통합 관련 의견 게시판에 글 확인합시다!	10/23 12:32	https://plus.cnu.ac.kr/_prog/_board/index.php?code=sub071005&site_dvs_cd=kr&menu	4	0
갤탭 S7fe 쓰시는 분 있나요?	10/23 12:30	게임안하고 필기, 공부용으로 사려는데 괜찮나요?	0	5
할거 존나 많은데	10/23 12:24	잠 많이 잤다 헤헤	0	2
오늘 99행??	10/23 12:23	구구	0	2
긱사 11동 12층	10/23 12:22	입주민 분 죄송합니다ㅠㅠ 제가 층을 착각하고 잘못눌렀어요  ㅠㅠㅠ	0	0
충대 근처에 전지 파는 곳 어디있나요?	10/23 12:22	충대 정문쪽 알파문고 이외에 다른 곳이요!	0	3
아니 이거 진짜냐?	10/23 12:21	경상대 통합하고 밭대급되었는데	1	9
졸업하지말걸	10/23 12:20	취준기간 길어지니까 막막하고 소속감도 없어서 힘드네	0	1
01년생	10/23 12:18	현우진과의 여행을 시작하지	0	23
3동 기타랑 드럼소리 멈춰줘..	10/23 12:17	뭐 앰프 켜논거 같은데 제발 멈춰줘	0	4
베레모 54호인데 작은거임?	10/23 12:14	제일 작은건 몇 호까지 있어?	0	12
수시납치당한사람있어?	10/23 12:11	일단 나.. 수능 원서도 못써봤네	0	11
나 충대 송강인데	10/23 12:10	꼬실 여자 있음? 받아 줄 의향있음	0	6
19학번 선배 만나는게 내로망이었는데	10/23 12:09	누나들 내년이면 다 졸업하시겠지?	0	13
국제통상론 ㅅㅅㅎ교수님 쉅 듣는사람	10/23 12:08	셤범위 렉쳐노트 4까지 맞음?	0	1
아오 그만 싸워라 좀	10/23 12:08	ㅡㅡ	0	0
궁금한데 사람을 왜이렇게 비꼬는거임?	10/23 12:03	spc가 선량한 기업 아닌건 분명하고 그래서 알리자는 취지로 글 올려도 응 건설현장에서도 사람 죽음~ 이러네 그런 태도로 살면 기분이 좋아짐? 	0	5
01인데 군생활 20프로도 못한 사람 개추 ㅋㅋ	10/23 12:02	일단 보닌 15프로 ㅋㅋ	0	9
긱사 점심 먹을만 해?	10/23 12:01	닭강정 / 두부 던데	0	0
현직세	10/23 11:54	내일 수업 없는 날 맞지요.?	0	7
화장 딱칠한 어중간한 남자 세명이서	10/23 11:54	카페에서 인스타 얘기 인스타로 여자 어쩌구 저쩌구 각을 잡느니 마느니 인생샷 어쩌고 찍어줘 저쩌고 2시간동안 개정난 발처럼 여자 얘기만 하는데 	2	5
겔럭시탭 쓰시는 분들	10/23 11:47	전공책 pdf 파일에도 필기 잘 되나요? 아니면 pdf사진따서 따로 필기하나요?	0	6
으악	10/23 11:46	ㄷㄷ... 기숙사 9동 상태	2	12
대학원 납치당한 사람있어??	10/23 11:44	여기에	0	7
태평소가	10/23 11:43	이정도는 아니잖아???	0	10
spc 또 인명사고 났음	10/23 11:37	이번에는 40대 남자	6	13
건대가 시립대 급으로 올라온게	10/23 11:34	배윤경 때문이지?	0	2
기숙사 질문 있어요!	10/23 11:34	기숙사 학점 순으로 선발하는 걸로 알고 있는데  기숙사 합격 학점 커트라인을 확인할 수 있는 방법이 있나요?	0	5
도서관	10/23 11:28	벼락치기 하루 몰빵하려는데 아직 사람 많음?	0	2
대학영어2 대럴 교수님	10/23 11:22	중간고사 그림 주어지는 문제는 7~8문장 쓰면 되고 교과서에서 골라주신 문제는 1~2문장으로 쓰는 거 맞나요?? 제가 이해한 게 맞나 확인하려고	0	0
국어 조교 알바 자리 없나	10/23 11:18	있으면 소개시켜주세요	0	3
리더십 ㅊㄷㄹ교수님	10/23 11:16	시험범위 아는사람!	0	0
고백 3번했는데	10/23 11:13	친구만 3명 생겼습니다.	0	2
지금 기숙사 덤앤덤	10/23 11:13	열었나?? 아시는분들~	0	0
자취생한테 피자	10/23 11:07	L가 국룰임? 남으면 냉동실 넣으면 되니까?	0	0
에타 자게하면 도태찐따임	10/23 11:00	인스타 논쟁 스탑  인싸들은 시간표로만 쓰거나 핫게만 잠깐 보고 만다 게다가 일요일 오전부터 인스타 안하면 찐 티령하면서 에타중? 오우쉣 ㅋㅋ	0	2
인스타 안하면 도태찐따 맞아 왜 부정해?	10/23 10:58	어그로가 아니라 진심으로 하는 말이야	2	5
인스타 안 하는 남자 좋다는거 개소리임	10/23 10:48	존잘남이거나 그냥 타고난 씹인싸(물론 이런 애들은 90%이상 이미 인스타 함)일 때만 해당함. 그냥 어딜가든 있는 평범한 놈이면 오히려 초반에 	0	6
컴잘알 님들아	10/23 10:48	hdmi c타입 케이블로  노트북에다가 갤탭 연결하면 듀얼모니터처럼 사용 가능한가요?	0	5
스키	10/23 10:44	스키 05분반인 사람?	0	1
주말 긱식 신청 안 했는데	10/23 10:33	이따가 식권? 구매해서 바로 밥 먹을 수 있나요	0	2
시험안꿑난 학과 많음?	10/23 10:18	ㅈㄱㄴ	0	2
남친 며칠 잠수는타는데	10/23 10:14	해어지자는것같은대 왜 전화차단은 안할까	0	2
얼른	10/23 10:08	스키타러 가고싶다	0	0
인스타 안해도 전혀 상관없음	10/23 09:58	괜히 남 눈치보고 깔지는 말자	0	4
밭대나	10/23 09:48	여기나 이제 내신 4점대도 그냥 들어오는 학교다	0	6
패패승승승	10/23 09:27	낭만이 있는 경기를 보여줘 DK	1	4
이거만 보고 공부하려했는데	10/23 09:26	5세트를 가버리네	0	0
공기계 잘아시는분	10/23 09:17	동생 옛날 휴대폰을 공기계로 쓰고 있는데 오늘아침 공기계로 저한테 전화가 걸려왔다고 하더라고요. 저는 전화를 건 적이 없는데... 캡쳐한걸 보니	0	8
문제해결을 위한 코딩기초 ㅊㅇㅇ교수님	10/23 09:12	내 기억에는 학기초에 전화번호랑 cnu 이메일 알랴주셨던것 같은데 적어 놓은 노트를 잃어버렸어... 혹시 알려주면 작지만 사례할게 내가 코로나 	0	0
밀크티 안단곳 추천 해줄수 있어?	10/23 08:21	죽동 희스밀은 너무 달더라 진한 홍차에 우유넣은 구수한게 좋은데	0	0
군대 전역하고 일본여행 친구 둘이서 갈려는데	10/23 08:13	3박4일이면 대충 얼마 정도?	0	7
지금도서관 알람 누구냐	10/23 08:04	오분째 울리는데 진짜 좀 에티켓은 지켜라	0	2
잠을 푹 자도 개운한 기분이 안 들어	10/23 08:01	피곤이 좀 남아 있는 느낌 어떻게하면 개운하게 일어날까	0	1
너네 지혜뀽	10/23 07:35	아냐	0	0
자연계열 정시 입결	10/23 06:53	.	0	17
막창먹고싶다	10/23 06:50	지금 사오거나 시킬만한곳 있음?	0	0
괜히 예외처리한다고 코드 몇줄 더써놨다가	10/23 06:30	시키는거 안해가지고 20시간을 코드에만 날려먹었네 나는 스파게티다	0	2
교양은 전날 밤샘하면 비쁠은 뜸?	10/23 06:23	제발..	0	2
새벽 갬성	10/23 06:20	코노 갈 사람 있나	0	0
썸남 썸녀	10/23 06:15	프뮤가 트로트이면 정떨임??	0	1
두번째 시험 담주에볼거면	10/23 05:50	도대체 세번 시험치는 의미가 뭐고.. 시험기간만 한달하는 느낌이네 빡친다	0	0
번호 줘	10/23 05:48	ㆍ	0	2
충남대 축제	10/23 05:35	한 발 10cm게스트로 빅나티 확정이네 중간에 와서 10cm만  정이라고하자 부르고 감 10cm는 남아서 노래 더 부르고 그리고 10cm끝나고 	0	6
매 시험마다 더닝 크루거를 느낀다	10/23 05:11	뭔가 아는건 없는데 공부 다한거 같음	0	1
힌트주면 유튜버찾아줄수있어?	10/23 03:59	?	0	8
지금까지 안그랬는데 오늘따라	10/23 03:57	한글파일 렉 너무걸려.. 왜이러지 과제하는데 너무짜증난다	0	0
남자들아	10/23 03:52	궁금한거잇는데 쪽지좀	0	7
투자론 ㅈㅎㄱ 시험	10/23 03:51	시험 사캠에서 보는거 맞나요??	0	1
렌소 도대체 어디서 신청하는건가요	10/23 03:34	제발 알려줘	0	4
육회와 연어 라인	10/23 03:32	도대체 이시간에 창문열고 왜 노래를 싸지르는걸까 며칠째야	0	0
요새 오른쪽 아랫배에 뭔가 만져지는데 뭔지 아시는분	10/23 03:17	오른쪽 아랫배에서 살짝 위 정도에 장기가 계속 만져지는데 누워있을때나 늘어져 앉아있을때 느껴지는게 묘하게 불편해 혹시 원인을 아시는분 있나 글써	0	9
침대 밑 청소하고	10/23 03:16	비염 잇는데 코 존나 막히는데 이거 침대 밑 먼지들이 공기중에 존나게 날아 다니는 거 맞냐	0	0
스이쨩와~	10/23 03:08	쿄모 카와이~	0	1
포켓몬빵 인기 끝났음?	10/23 02:59	초코롤 하나 보이네	0	4
군대라는 책임감 글에 난 공감하지 못한다.	10/23 02:56	많은 군필들이 그렇게 생각할거다. 사고 없이 건강하게 전역하는 것만으로도 군생활 잘한거라고. 책임감을 가질 수 없는 집단이다. 나는 포병부대에서	4	7
흐음	10/23 02:48	적적하다	0	0
리톤 반 니탈레 명언	10/23 02:43	기록되는 영웅보다 많은 피를 흘린 자는 기억 속에 잊힌 희생자들이다 그들을 잊지 않고 감사해야만 현재를 살 수 있다	1	2
일본어 공부한다	10/23 02:40	"""홀로라이브"""	0	8
시작됐다	10/23 02:40	수족냉증...	0	3
호떡 같이갈분	10/23 02:34	손 발 드십시오	0	3
넷플릭스 두 자리	10/23 02:32	남았습니다 함께 하실 분 구해욥	0	3
내일	10/23 02:26	밥먹자	0	0
나	10/23 02:24	연애하고싶다 남친 있는 사람 부러움 ㅠ	0	16
의대생 특	10/23 02:22	나도 모름	0	0
겨울에 스키갈분 예약받음	10/23 02:18	쪽지줘 빠릴	0	2
자취방 보일러	10/23 02:00	보일러 조절하는거 없는데 바닥은 뜨끈뜨끈함 이거 전기세 더나오는거 아님?	0	1
미국인으로 태어났어야했다	10/23 01:58	미국국적 사촌형 이번에 메타(페이스북) 들어감 초봉 2억원 ㅅㅂ	0	9
12동도 문제 많은가보네	10/23 01:55	소음관련 글이 몇개냐 거의 저번학기 9동급	0	3
공용 건조기 걍 꺼버려도되나	10/23 01:54	ㅆㅂ 이시간에 건조기 처 돌려놔서 쇠 부딪치는 소리 존나 나는데 꺼버려도 됨?  이시간에 건조기 돌려놓을 사람이면 전원 꺼버려서 옷 안말라서 냄	0	2
[KSCY 2023 winter 퍼실리테이터 모집 공고]	10/23 01:51	[KSCY 2023 winter 퍼실리테이터 모집 공고] KSCY에서 2023 winter 시즌을 함께 이끌어 나갈 퍼실리테이터 분들을 모집합니	0	1
잘자요	10/23 01:49	굿 애프터눈, 굿 이브닝, 굿 나잇	0	4
볼드한 글씨체 좋아해서	10/23 01:47	마침 또 가을이라 브라운 계열 구매하려고 하는데 솔직하게 어떤지만 평가좀 차라리 무난한 색상을 사는게 좋을까..?? 그레이 블랙은 있는뎁…	0	7
컴입 ㅎㅎㅇ교수님 과제7 2번 푸신분...	10/23 01:39	제발...	0	1
논리에 관해서	10/23 01:38	페미니즘 여사친이랑 대화하다가 이런이야기가 나왔음 운동이야기 하다가...  상대적으로 남자가 근육이 더 빨리 붙는다 그리고 그래서 남자가 힘이 	0	15
강화학습 공부하시는분	10/23 01:35	같이 공부하실분 있으신가요? Coursera 강의들으면서 하려고합니다!	0	3
나도 이성을 후리는 사람이 되고 싶다	10/23 01:28	자고 싶으면 자고 놀고 싶으면 노는 그런 사람	1	2
대기 없는 산부인과 아는사람??	10/23 01:26	잘 안봐줘도 되니까 30분안에 대기 진료 끝났으면좋겠는데 충대근처엔 없겠지ㅠㅠ?	0	7
같이	10/23 01:25	카공이나 할래?	0	1
랜덤소개팅	10/23 01:23	매일매일 신청 가능?	0	6
재무관리 ㄱㅂㅎ	10/23 01:21	듣는사람 ㅠㅠㅜ	0	2
전쟁 날까??	10/23 01:19	진짜 이게 1년만에 일어난 일 이라는게 놀라움	0	9
귤 L S M 종류많은데 뭐가 가장 맛있어?	10/23 01:12	중간사이즈가 가장 맛있는거같은데 그게 M인가	0	3
필테 vs 피티	10/23 01:07	뭐가 더 좋을까요?	0	1
랜소 1대1 3대3 중에 추천 ㄱㄱ	10/23 01:04	ㅈㄱㄴ	0	4
축제	10/23 01:04	목요일 축제 같이 줄 서실분 있나여…? 한 두시 반..?? 이때부터 줄설껀데.. 친구가 수업가서 혼자 줄서야하거든요ㅠㅠ 근데 다른건 모르겠고 화	0	4
축제	10/23 00:59	공대축제랑 같은위치에서 해요?	0	1
요즘은 180도 메리트 있는키가 아닌듯?	10/23 00:56	180이 그냥 평균느낌이고 오히려 딱180이다? 이러면 좀 작은 느낌까지 드네	0	11
안토니 멀티골 가즈아~	10/23 00:55	드가자	0	2
네이버 밴드처럼 게시글을 올리는데	10/23 00:55	게시글은 승인된 사람만 보이고 나머지는 댓글만 볼수있는 그런 sns 있나요?	0	1
학교 근처 레터링 케이크	10/23 00:52	추천해주세요!	0	1
ㄱㅂㅎ 교수님 투자론 듣는사람	10/23 00:47	셤범위 어디까지임?	0	0
다들 중고거래 종종 이용함?	10/23 00:41	난 구매는 꺼려서 안 하는데  안 입는 옷이 많은데 올리면 팔릴까..??ㅠㅠ	0	2
충남대 x YOASOBI(by대동제)	10/23 00:40	일본내 BTS다음으로 유명한 그룹! 유투브 조회수 2억뷰의 주인공   yoasobi가 충남대 대동제에 찾아옵니다!(세계 최초! 내한 확정) 곡 	1	13
상남자의 금일 야식	10/23 00:38	밥 한 공기 반 배추쌈 쌈장 청양고추 2개 참치캔 1개 군내나서 빤 묵은지 며칠 동안 우려먹은 무우국 저녁 거르고 그냥 참다가 잠이 안와서 먹음	0	0
의예과 혹은 생물관련학과 형눈나들	10/23 00:35	최근 1주일동안 식습관이 엄청 엉망이었거든요. 1일 1콜라하고 편의점 음식(라면, 핫바, 주스)이랑 패스트푸드로 떼웠는데 이러다 당뇨올 거 같아	0	13
축제 마지막날	10/23 00:34	축제 기간인 수,목,금 중에 금요일 밤~새벽에도 사람들 술 많이 마시나요?	0	3
학교 북부운동장 풋살장	10/23 00:32	학교 북부운동장 풋살장 어떻게 빌리는지 아시는분 있나요..?	0	2
물류센터 자키써본사람잇니	10/23 00:29	앞으로밀때 방향햇갈리네	0	2
교수님 미설상 그룹상담하는데	10/23 00:28	무슨 얘기해? 또 어디까지 오픈하고 얘기해야돼? 뿌ㅇㅅㅇ~~~	0	3
중급회계2 ㅇㅎㅅ	10/23 00:24	중간범위 알려준 한글파일에서 12장: 1-5단계 예제문제라고 나와있는데 나는 12장 문제 계산형으로 나오는거면 건설계약 진행 같은거 나올거 같은	0	1
정신이 나가버린건가	10/23 00:21	진짜 좆된걸로는 별생각 안드는데 사소한걸로 갑자기 네거티브해짐	0	1
전공 공부	10/23 00:18	2학년인데 화수목에 각각하나씩있는데 큰일났다 공부해도 모르겠는데 진짜 죽고싶다 공부해도 어차피망할텐데라는 생각부터든다	0	11
음	10/22 23:38	아이패드를 팔고 갤탭을 살까 갤럭시폰을 아이폰으로 바꿀까 뭐가 나음?	0	1
충대 정문 레자미 아파트	10/22 23:38	배달 같이 시키실 분 구합니다!	0	0
C/C++ 공부하면서 예전부터 궁금했던게	10/22 23:30	int main()을 써서 항상 마지막에 return 0; 해줘야 하면 그냥 다 void main()으로 해서 반환값 없애는게 낫지 않나. 굳이	0	8
주차권 등록할 때 가져갈 서류 있을까	10/22 23:30	?? 재학증명서 ??	0	4
기숙사식당정확히 언제끝나는거임?	10/22 23:30	시간적힌거 끝날때 딱 그쯤에 끝날줄알았는데 그때 먹으러 오는 사람있는거보면 걍 그사람들 다 먹을때까지 하나벼?	0	2
갤탭	10/22 23:29	64gb는 금방참? 무조건 128이 낫나?	0	21
상법 ㅇㅈㅁ 족보삽니다	10/22 23:28	쪽지주세요ㅜ	0	1
과애들 존나싫당	10/22 23:27	으으으으ㅡ 극혐..	0	22
모의토익 결과 언제쯤 나올까	10/22 23:19	잔짜 7일 걸리나	0	0
대학생들 취준 유행 변천사	10/22 23:19	2010년대 중후반까지 공무원 개인기-> 공기업 메타-> 현재는 전문직 시험(cpa,세무사,행시 등)메타 이거라는데 맞음?	0	11
전과	10/22 23:15	관세사 목표로 무역학과로 전과 vs 일반 사기업 취직 목표로 경영 전과	0	3
노가다판에서 왤케힘없냐고 잔소리들음	10/22 23:15	난 왤케약하지	0	5
이거 내가 예민한건지 봐줄래?	10/22 23:09	친구랑 궁동 놀러왔다가 오 c는 뭐야 너네도 과잠이 있어? 라는말이 왠지 비꼬는것 같아서  기분이 나빴음 기분 나쁠만한가? 친구는 서울 중상위권	0	11
토익 도저히 혼자 못하겠어서 그런데	10/22 23:04	스터디 내가 만들어볼라구 올려본당..!! 같이 하실분 있나요 서너명 생각하고 있음!!	0	11
원가회계 질문	10/22 23:02	여기서 7,500원은 어떻게 나온건가요?	0	10
편순이	10/22 22:58	아마도 마지막 생초콜릿..? 푸르밀 없어지면 이거도 못 먹냐ㅠㅠㅠ 조넨 맛있는데	0	6
과거가 부끄러운 사람있음?	10/22 22:57	속된말로 양아치였던..	0	35
낼	10/22 22:56	카공 기?	0	4
대학영어2	10/22 22:56	ㄷㄹ ㅁㅋㅁ 교수님꺼 듣는분 있으신가요?	0	3
노래맞추기 하실분	10/22 22:53	진행자1 참가자4 오픈톡방 파서 할게요 진행자가 노래틀고 음성녹음 해서 올리면 채팅으로 맞추기	0	4
축제 안내 같은 건 어디서 볼 수 있어요?	10/22 22:52	가고 싶은데 지금 정보를 하나도 모르겠어요ㅠ	0	1
이거에대해 어떻게 생각함?	10/22 22:50	나는 ㅈㄴ아니꼬운데 내가 시대흐름에 적응 못하는거임?	0	9
뭔가 좀 치고 싶다	10/22 22:46	포켓볼이나 때리러 갈래?	0	2
한밭대 축제	10/22 22:44	최예나 온다던데 난 최예나 보러간다ㅇㅇ	0	1
MBTI에서 가장 큰 오류	10/22 22:44	I와E가 아니라 4가지인데 두가지로 나눠놓으니 I인데 친구들은 E같대요 같은 헛소리가 나오는거임 내성 : 사람들과 어울리는게 불편함 외성 : 사	4	11
영어학 특강 들으시는 분들	10/22 22:41	저희 기사 교수님이 설명 안해주신갓도 시험범위인가여!”?	0	0
하	10/22 22:38	코노나 갈래?	0	1
12동 11층 제발 조용히 좀 해주세요	10/22 22:35	12동 11층 진짜 맨날 소리 지르고 싸우고 조용히 좀 해주세요	0	6
집 대전인데 봉명동 오피스텔 자취하고싶다..	10/22 22:32	버스 한번 타면 왕복 두시간정도…	0	7
키180에	10/22 22:32	자긴 별로 안크다고 키작다고 하는데 이거 기만이야?	0	21
투표 ㄱㄱ	10/22 22:32	시험 2일 남았는데 집중이 넘 안대사 1. 도서관에서 공부 그냥 더해 2. 스카가서 공부해 3. 긱사가서 공부해 4. 낼 아침에 일찍 인나서 해	0	4
고대세종 과잠 지리네	10/22 22:30	이 날씨에 세종에서 단체로 과잠입고 스카오는데 내 과잠이랑 바꾸고 싶다	0	6
기초글쓰기 ㅇㅅㅈ 교수님 중간 언젠지 아시는분	10/22 22:30	있나요???	0	0
충남대가 날아가 버렸으면 좋겠어	10/22 22:23	공부하기 싫어서 만들었습니다	60	16
집에서 부모님하고 같이 사시는분들	10/22 22:23	흡연하시나요?? 본가가면 뭔가 흡연하기 좀 눈치보이네요…	0	8
응용열역학 분량 뭐이리 많아 ㅅㅂ	10/22 22:21	나 진짜 죽는다고	0	1
리중딱	10/22 22:20	리중딱딱	0	4
궁동 로데오 코노 하나밖에 없나	10/22 22:08	아는 사람 마주칠까 무서운데..	0	11
노트북 머가좋음?	10/22 22:08	예산은 일단 160언더 정도 생각하고 있고 코딩이랑 그래픽작업 그리고 간단한 게임 정도..? 사실 내가 구린 노트북을 거의 7년째 쓰고있어서 뭘	0	18
도서관 빈백 자리 지갑	10/22 22:05	빈백에서 립밤이랑 지갑 놓고 가신분 도서관 카운터에 맡겨놓을게요 이름만 확인하느라 신분증만 봤습니다 내용물은 일절 손대지 않고 그대로 뒀어요 ㅈ	0	3
도어투도어 14시간정도	10/22 22:03	아침 6시 반에 나가서 집오면 저녁 8시 연봉 3200  너네라면 다닐수 있겠어?	0	4
진짜 너무 춥다	10/22 22:03	우리집 중앙 난방인데 집주인한테 제발 보일러좀 틀어달라 했더니 11월에 틀어준다고 다른 사람들은 아무말도 없는데  왜 나만 그러냐고 함 이거 신	0	0
너넨 어떤 mbti가	10/22 22:02	이상형이니? mbti 재밌어하는 친구들아 댓글달아즈릭 궁금해	0	16
아 도서관서 자꾸 기침하니까	10/22 22:01	눈치보여서 나왔다. 코로나 아님 그냥 감기임	0	1
기숙사 옆방에서	10/22 21:57	노래부르는 거 들은 적 있어?	0	2
편의점	10/22 21:56	술추천	0	7
현생윤 들으시는분	10/22 21:55	나만 중간고사 대체과제 하기 싫고  귀찮고 어렵고 짜증나고 때려치우고 싶고 철학자들 다 도덕펀치 날리고 싶어?	0	0
오늘 결제한 영수증 있는 분!?	10/22 21:51	오늘 결제한 영수증 있는 분!? 편의점이나 음식점에서 카드로 긁은 영수증 있는 사람 좀 부탁드려요 ㅠ 회사 출장비 받으려면 대전에 왔다간 증빙자	2	1
입영예정일나오면	10/22 21:50	출국못함?	0	6
디자인과 생활	10/22 21:49	들으시는 분 계신가요!	0	0
궁동에 붕대파는 편의점 있어요?	10/22 21:47	손다쳐서 붕대 필요한데 혹시 아는분 계세요?	0	0
질문있음	10/22 21:45	그 우리 축제 때 주점 몇 시까지 열어?? 알려주라	0	0
시험기간인데 핫게가 왤케 조용함?	10/22 21:43	빨리 핫게 올려줘	3	1
내 물리 답지	10/22 21:43	도서관 1층 자유실에서 물리답지 훔쳐간 새끼 찾으면 죽인다. 지금이라도 자수하고 좋게좋게 마무리하자	3	6
밥먹고 간식 끊는거	10/22 21:36	어떻게해 ..? 긱사생인데 긱사밥 먹고 무조건 편의점 가서 과자나 달달한 초코 하나씩 꼭 먹게돼 .... 미치겠어 살 빼야하는데 안먹으면 자꾸 	0	8
살까 말까	10/22 21:36	가볍게 입을 패딩 사고 싶은데 어떰?	0	11
영어교육 ㅈㅇㅅ 교수님	10/22 21:34	우리7장 진도 다 안나간거 같은데 시험에 7장 전체가 나오는거야?	0	0
원가회계 이거 이렇게 푸는거 맞나요?	10/22 21:31	답지 봤는데 딱히 풀이과정이 안나와있어서요ㅠㅠ	0	21
공무원공부중인데	10/22 21:29	일뽕이라서그런가 국사하기 ㅈ같네	1	8
지금 수능공부 생각하는 친구들아	10/22 21:27	반수생인데 대학시험 기간엔 그렇게 수능공부 마렵더니  정작 휴학내고 수능공부 시작하니까 개젛노잼이다 학창시절을 미화시키지 마라 ㅠㅠㅠㅠㅠ 절대로	0	2
연애 ㅈㄴ잘 하게 해줄게	10/22 21:26	연애 ㅈㄴ 잘하게 해주는 어플개발 예정인데 많은 도움이 필요합니다! 연애 상담도 해드리니 많은 작성 부탁해요 https://moaform.com	0	2
사캠 온라인 시험	10/22 21:26	모바일로 해도 되나요?	0	0
파이썬	10/22 21:20	if 조건문 : 수식 콜론뒤에 d=win+1 인 수식이 붙어있는데 굳이 저렇게 쓰는 이유가 뭔가요? 들여쓰기 안하고 if문과 위치가 같게 하는 	0	2
롤 한판 하실분 급구!	10/22 21:19	현재 4명이고 구간은 실버~골드입니다.  닉네임 쪽지나 댓글에 알려주세요!	0	0
경제의이해 ㅅㅇㅅ교수님	10/22 21:17	께서 14장까지 시험범위이고 강의 안한부분은 안나온다고 하시는데 강의 안한부분이 어딘지 알려주실 분...?ㅠㅠㅠ	0	0
물리 시험 볼때	10/22 21:16	풀이과정중에도 단위 완벽하게 다 적나요? 물론 적는게 정석인건 아는데 복잡할 때 빼고는 숫자로 답 구해내고 답 적을때 단위 붙이는게 편하고 좋은	0	2
전기공	10/22 21:16	질문 좀 받아주세용	0	2
재이수 질문	10/22 21:15	재이수해서 전학기보다 낮은성적나오면 더 낮은 성적으로 바뀌나요?	0	1
아 손님 안왔으면 좋겠다	10/22 21:14	계속 와아아아ㅐㅓㅓㅓㅓㅓㅓᆞ	0	11
이럴땐	10/22 21:13	어떻게 풀어야죠?	0	4
우리 엄마 계속 쿠팡 배달에 꽂혀서	10/22 21:08	저녁에 운동겸 같이하자고 계속 나랑 아버지한테 말하시네 아버지는 이럴거면 그냥 자기 대리운전 뛸거라고 짜증 중	0	1
폰 고장나서 S22로 바꿨는데  디자인진짜 아이폰 닮았네	10/22 21:05	애플이 뭐라고 안 하는게 신기할따름	0	7
진지하게 편입, 반수 고민이네	10/22 21:04	나를 객관적으로 평가해봤을 때 집안도 괜찮고 돈도 좀 있고 외모도 괜찮은데 학벌만 좀 어떻게 개선되면 좋을듯함... 이런 경우는 좀 뒤처지더라도	0	6
알바하면서 제일 짜증나는 부류	10/22 20:57	같이 일하는 사람중 자기가 일 잘한다고 착각하는 부류들임 출근도 정각에 맞춰서 해 싹싹하기만 하면 일 잘하는 줄 알아 이런애들 보면 제일 답답함	0	8
인터넷만 상품으로 구매하면 와이파이는 사용 못 해?	10/22 20:55	상품이 이렇게 구분 되어 있는데 인터넷 설치하면 모뎀 설치해주잖아 거기에 랜선 꼽아서 공유기로 연결하면 와이파이 사용 못 하나?	0	8
계절학기때는	10/22 20:53	조별과제있는 과목들어야겠다 사람만나는거 두렵지만 도전한다	0	2
오늘은 러시아나 북한 뭐 안함?	10/22 20:53	뉴스가 죄 정치얘기뿐인데 나 뭐 놓친거 없지?	0	1
인간적으로 부정행위는 하지말자	10/22 20:51	제발	0	3
다들 옷세탁할때	10/22 20:50	일반세제써? 중성세제써?	0	1
다들 플리 어떤 기준으로 정리함	10/22 20:49	장르? 분위기? 듣는 상황?	0	3
전공에 대한 자신감은 sin그래프와 같다	10/22 20:48	어? 할수 있겠는데? 와 어? 하나도 모르겠는데? 가 반복된다	0	5
지금 코로나 걸린사람	10/22 20:46	나만 이렇게 아프냐 ㅅㅂ 뒤지겠다	0	2
진숙게이는 그… 없나?	10/22 20:40	여기까지만 하겠습니다 하하	2	3
물질대사 과정에서	10/22 20:40	NAD, NADH, NAD+ 의 관계 잘 아시는 분 계신가요? 질문이 있어서요!	0	9
100만원이하 스니커즈 추천받아요	10/22 20:39	네	0	1
조교는 어떤 루트로 되는거임?	10/22 20:38	학부생에서 원생되고 원생에서 조교로 진화하는거임? 글고 왜해??? 돈주나	0	6
ds = r d(theta)	10/22 20:34	원에서 왜 ds= r d(theta)가 되나요??	0	7
궁동에서 카드주우신분..	10/22 20:33	핑크색입니다ㅜ	0	0
친구요청으로 올립니다 ^^	10/22 20:28	안녕하세요! 저희는 명지대학교 창업 입문 강의를 듣고 있는 학생들입니다. ✅ 이 설문지는 ’펫 관리 플랫폼 이용 관련 고객의 니즈‘ 를 조사하기	0	8
코로나 재유행한다는데	10/22 20:24	코로나 변이, 이전 보다 강한거 나와서 다시 실외 마스크 규제들어갈 확률 높을까? 도대체 언제끝나는거야ㅠ 실내마스크규제는 언제푸냐구	0	8
커피 맛집 추천좀	10/22 20:21	배달도 괜찮고 궁동에서 커피맛집 어디야?	0	2
응화공 선배님들..	10/22 20:20	ㅎㄱㅅ 교수님 의견서 보통 대략적으로 1개당 몇점씩 인가요????	0	2
중앙대가 요샌 탈 중경외시 됨?	10/22 20:17	서성한>=중>경외시 느낌인가?	0	10
향기	10/22 20:10	방금 도서관 지하2 층 165번 자리 앉으셨던 분 책읽으시다가 가신 분 향 너무 좋았습니다 ㅠㅠ 향수냐 섬유유연제냐 물어보고싶었는데 망설이다 못	1	49
불매하는 거 맞나	10/22 20:09	파바 알바하는데 손님 개개개많음 오히려 저번주보다 많음	1	4
봉명동쪽 스카 추천해주실분!!	10/22 20:08	좀 어두운 조명이나 그런데있을까요?!	0	1
똑같은놈이구만ㅋㅋ	10/22 20:03	글삭튀했네	0	1
님들 음식 투표좀	10/22 20:02	1. 치킨 2.족발 3. 피자 4. 프로틴	0	8
한숨을 안쉬고싶은데	10/22 20:00	계속 쉬어지면 어떡하지 약간 에휴 느낌이 아니라 숨을 크게 내쉬게 된달까	0	5
레더자켓지금사면	10/22 19:57	많이못입겠지?	0	4
갤탭 살까 아이패드 살까	10/22 19:54	노트북은 삼성인데 폰은 아이폰	0	5
ㅠ	10/22 19:53	매정해요	8	6
내가 그냥 리테일샵에서 일하는데	10/22 19:49	우리매장은 쇼핑백따로 없어서 안주거든, 파는게 크기가 작아서 굳이 쇼핑백 필요없을 사이즈라서.  근데 어떤 손님이 쇼핑백없어요? 이래서  네 따	0	0
한 컴퓨터에 파이썬 버전만 4개깔려있다	10/22 19:47	이거 맞나 과제할때마다 버전이랑 환경변수 설정 해줘야되네	0	7
차 보험비 관련 질문 드려요!	10/22 19:44	나이 22에 차 사면 유지비, 특히 보험비 많이 나가잔아요. 근데 저희 아버지가 자기 보험에 묶으면 많이 싸진다는게 이게 무슨 뜻인지 아신가요.	0	7
철학 복수전공 어때	10/22 19:44	나 철학이 너무 재밌음	0	12
전역당일은	10/22 19:43	군인이라 상관없죠?	0	9
혼맥 안주 ㅊㅊ	10/22 19:42	오늘 공부 끝이라 저녁 먹으면서 맥주 마실라고	0	3
진지하게 충대오면 알파메일 ㄱㄴ?	10/22 19:39	.	0	5
공부	10/22 19:38	공부하려 마음 먹었지만 아직 안 나간 사람?	0	3
회계 잘하시는 분 질문 하나만 받아주세요..	10/22 19:30	원가회계 문제 풀 때 “원재료”는  “직접재료원가+간접재료원가” 가 아니라 “직접재료원가”만을 말하는건가요..? 만약에 맞다면 왜 그렇게 보는건	0	5
기숙사 3동 자판기	10/22 19:30	있나요? 8동에는 1층에 있었는디 3동은 안보여서요	0	0
인스타안하면 너무찐따같냐?	10/22 19:29	ㅇㅇ남자	0	14
맥도날드 고래회충 나왔다는 거 진짜냐??	10/22 19:28	50만원으로 입막으려했다던데 +짤추가	0	17
내년에 여친사귀고 여행간당	10/22 19:27	시험준비해야하니  4일정도만 갔다와야겠다..	0	0
체력단련시간에	10/22 19:27	뜀걸음뛸때 못따라가서 찍혔네...그게 그렇게 큰 죄인가	0	13
6동인지 7동인지 모르겠다만	10/22 19:20	교내에서 대놓고 역주행 지리네 이 미칀놈년아 ㅋㅋ 거 몇 미터도 안 되는 거리 좀 더 빨리 가겠다고 지이라알을 해요 아주	0	6
아빠 내년부터	10/22 19:19	우리학교에서 명예교수 한다는데 이 넓은 학교에서 마주치겠음? 설마?	0	8
우주로의 여행	10/22 19:19	절대평가야 상대평가야?	0	2
원가회계 시험 보셨던 분들!	10/22 19:19	개념묻는 문제는 안나오고 문제 푸는 것만 나오나요?	0	1
이휴	10/22 19:19	무맆아파서 근무도 못서는 놈이 농구는 쳐하고 있고  전역 3일 남았는데도 개빡치네	0	9
조커가 잘만든 영화라고 생각하진 않지만	10/22 19:14	현사회를 잘반영한 영화라곤 생각함	1	4
군대만 안갔더라도..	10/22 19:13	4년하고 학석 연계로 마치면 25 살.. 더 좋은 곳 가서 박사 노려도 한참 남은 나이.. 지금 나이 25, 이제 4학년 주위 여자 동기들은 석	0	2
새벽에타 썸남이 술집여자랑	10/22 19:07	만난적 많지만 너무나 만나고 싶다는 답정너가 레전드였지 ㅋㅋㅋ	1	2
토익공부 같이할사람..	10/22 19:05	ㅠ	0	4
학점교류	10/22 19:02	시험 치고 제출한 사람도 재시험이야? 제출한 사람은 재시험 못 치게 할까봐 걱정이네...너무 급하게 치느라 재검토도 못 해봤는데	0	7
분쟁의 세계지리 들으신분 있으신가요?	10/22 19:00	ㅠㅠ 질문할게있습니다 성적관련해서요	0	0
새벽에타 수준	10/22 18:57	ㅋㅋㅋㅋㅋㅋㅜㅠㅠㅠ	1	2
급하게 쳤는데	10/22 18:57	시험친사람도 재시험인가..재시험보기 시른데	0	2
ㅋㅋ님들아	10/22 18:55	안뇽안뇽	0	5
공기업 고졸전형으로 지원하면 더 쉬워?	10/22 18:54	아니면 경쟁자가 더 많아서 어려워? 워낙 공기업 들어가기가 어려우니까 이 전형으로 지원해볼까해서	0	7
오랜만에 한컴타자연습해봤는데	10/22 18:48	초딩때 100 나왔는데 지금 400대 나오네  어릴때 500넘는다고 자랑하던애들 지금 600넘을라나	0	6
일요일에 안과	10/22 18:47	충대 주변에 일요일에도 진료하는 안과 아는사람 내일 가야할 것 같은데	0	2
엄마…아빠…	10/22 18:46	용돈줘….	0	3
부유함에서 나오는 여유	10/22 18:45	느껴지는 친구가 있는데 너무 부럽다	1	5
피부 하얀 여자분들 보면 나만 설렘?	10/22 18:43	ㅈㄱㄴ	0	5
공부가 너무 하기 싫어요	10/22 18:42	시험 못볼 것 같다랄까	1	1
인공지능과 미래사회 ㅊㅎ교수님	10/22 18:40	시험범위 어디까인지 아시는 분 계신가요? 시험 관련 안급한거 아시는 분 쪽지좀 주세요ㅠ	0	2
외국인 손님	10/22 18:39	왤케 개념이 없지;;  애들 못 뛰어다니게 부탁했는데도 그냥 말만하고 내버려두네 ; 동남이나 서양에서는 애들 공공장소에서 뛰는거 그냥 내버려두나	0	4
여자가 우월해 보이면 뭐임??	10/22 18:37	동경이 있음	0	1
일선들아 시험보러갔냐?	10/22 18:36	ㅇㅇ?	0	10
SPC 불매 길어야 두달 봄	10/22 18:33	그동안 불매운동 어떻게 끝나는지 너무 많이 봤음 어찌어찌 감시단 조직하고 나치나 게슈타포, 오가작통제마냥 서로 눈치주면서 할로윈까지는 넘겨도 크	1	9
수능선물	10/22 18:32	부담되지않는선에서 수능선물 뭐가 괜찮나요??	0	14
20분 동안 시험시간인데 15분 밖에 시험 못 봄 이거 해 말아?	10/22 18:31	응시하면 일단 5분 깎여서 들어가는 거 아냐 아예 재시험 기다릴까 아님 일단 시험 치고 볼까?	0	2
knu9 전화해봄	10/22 18:30	오늘 시험안볼거래  다시 공지할거래 기다리지마 난밥먹으러간다	0	1
한번찐따는 영원한 찐따구나	10/22 18:30	슬프다	0	6
토요일인데 뭔 시험타령이냐	10/22 18:29	ㅇㅇ?	0	1
일선 시험 30분까지였는데	10/22 18:28	시험보다가 팅겨서 그대로 지금 28분됐네 근데 사이트 들어가지네ㅅㅂ	0	1
knu9 거점대학학점교류	10/22 18:26	터졌으면 빨리 복구를 하든가 못할거면 빨리 안내문자를 주든가 들어가지지도 않는 페이지 보면서 이게 뭐하는짓이냐 30분째	0	0
생화학	10/22 18:25	혹시 생화학 수업듣는분 계신가요?? 아님 들었던 분도 계실까요?? 교수님 상관없이 부탁드릴게 있어서요ㅜㅜㅜㅜ	0	1
일선 재시험볼것같대	10/22 18:25	KNU9 전화해봤는데 사이트 불안정한거 맞고 시험보던거 저장 안될수도 있고 재시험 공지 나중에 나올 것 같대	5	8
반지갑 둘둥하나 골라줘	10/22 18:24	남자23 가격 다 떠나서 디자인, 오래사용 할거라 몇번추천해?	0	16
거점국립대학교 홈페이지 뭐하자는 거냐?	10/22 18:24	아예 들어가는 게 안되네 씨발 시험 45분까진데 실화임?	0	1
7시까지 계속 새로고침 해야되나	10/22 18:23	아예 들어가지도 못하는데 걍 저녁이나 먹을까	0	0
아 빨리 미뤄진다는 문자나 주지	10/22 18:23	앉아서 계속 머하는거냐	0	2
일선 서버 왜이래	10/22 18:20	문제 다 풀고 제출버튼 눌렀더니 503 서비스 에러 뜨네...	0	8
일선시험 치다가	10/22 18:20	503 오류로 터짐	0	0
503 떳네	10/22 18:20	내 시험..	0	0
아 알바가야되는데	10/22 18:20	시험도 못 보고 가게생겼네 ㅅㅡㅡㅂ	0	4
내 시험시간....	10/22 18:18	실시간으로 깎이는 중	0	4
마케팅전략 ㅅㅈㅁ교수님 중간고사 언제인가요	10/22 18:18	ㅈㄱㄴ	0	3
일선 한 문제 풀려다가	10/22 18:17	튕김....아 제발....	0	4
나 들가졌는데	10/22 18:16	시험봐도 되나.. 더 ㅈ될거같은데	0	7
일선 503떴네...	10/22 18:16	시험 담주로 밀리겠당...	0	5
일선	10/22 18:16	데이터베이스 쓰기 오류가 뭐야... 503 service 뜨는데	0	0
일선 전화도 안됨 ㅋㅋ	10/22 18:14	뭐하자는거야..	0	5
내친구 어떡하냐	10/22 18:14	공익인데 공익도 미루고 알바도안하고 공부도안한다 학자금대출받아서 차산다는데 진짜 어떡하냐 얘가 잘사는게아니라서 극구 말리고싶은데 미치겠다	0	4
지금 제일ㅈ좃된건 서버 관리자분이 아닐까?	10/22 18:14	울고 싶으실 듯...?	0	5
일선 페이지 접속했는데	10/22 18:13	로그인하자마자 칼빠꾸	0	5
일선 시험	10/22 18:12	본사람?	0	1
학점교류	10/22 18:12	이러면 다른날짜에 시험치는건가..아..	0	7
일선 들어가지면 그때라도 시험 봐야되나???	10/22 18:10	아직도 안 돼ㅠㅠ	0	6
학점교류	10/22 18:08	사이트 들어가진사람 있어?	0	3
일선 사이트 되는 사람	10/22 18:07	나 아직도 안돼ㅠㅠㅜㅠㅜ	0	7
나 이거 임영웅 티켓팅할때 봤어	10/22 18:07	딱 이랬음	0	0
셤기간에 볼링 딱 한판만 같이 칠 사람	10/22 18:07	아무나 구함	0	2
컴입 ㅎㅎㅇ 교수님 과제 도와주세요ㅠㅠ	10/22 18:06	과제7 하는데 너무 모르겠어요 도와주실 분..ㅜㅜ	0	1
일선 사이트	10/22 18:05	시험인데 안들어 가지는데 이거 어떡하냐 진짜 미치겠다ㅠㅠㅠㅠ	0	11
의류학과를 우습게 보고있네	10/22 18:04	용서 못해	0	2
학점교류 시험인데	10/22 18:03	사이트 터지면 우째치라고...	0	5
